<?xml version="1.0" encoding="ISO-8859-15" standalone="no"?><uc-export clientvers="12.0.0+low.build.10751">
<FolderStruct>
<includeExternalObjects>0</includeExternalObjects>
<FOLD name="PCK.AUTOMIC_CA_PAM" title="">
<VARA id="1345986" link="0" name="PCK.AUTOMIC_CA_PAM.PUB.VAR.METADATA"/>
<FOLD name="ACTIONS" title="">
<FOLD name="CA_PAM" title="">
<JOBP id="1348003" link="1" name="PCK.AUTOMIC_CA_PAM.PUB.ACTION.GET_CREDENTIAL"/>
</FOLD>
</FOLD>
<FOLD name="CONFIG" title="">
<VARA id="1345993" link="0" name="PCK.AUTOMIC_CA_PAM.PUB.PROMPT_EXTERNAL_MAP"/>
</FOLD>
<FOLD name="DOCUMENTATION" title="">
<DOCU id="1345994" link="0" name="PCK.AUTOMIC_CA_PAM.PUB.DOC"/>
<DOCU id="1345995" link="0" name="PCK.AUTOMIC_CA_PAM.PUB.LICENSES"/>
</FOLD>
<FOLD name="RESOURCES" title="">
<FOLD name="LIBS" title="">
<STORE id="1348025" link="0" name="PCK.AUTOMIC_CA_PAM.PRV.STORE"/>
</FOLD>
</FOLD>
<FOLD name="SOURCE" title="">
<FOLD name="GET_CREDENTIAL" title="">
<JOBP id="1348003" link="0" name="PCK.AUTOMIC_CA_PAM.PUB.ACTION.GET_CREDENTIAL"/>
<FOLD name="INTERNAL" title="">
<FOLD name="INCLUDES" title="">
<JOBI id="1348019" link="0" name="PCK.AUTOMIC_CA_PAM.PRV.INCLUDE.PUBLISH_CA_PAM_DATA"/>
</FOLD>
<FOLD name="JOBS" title="">
<JOBS_UNIX id="1348020" link="0" name="PCK.AUTOMIC_CA_PAM.PRV.JOB.GET_CREDENTIAL@UNIX"/>
<JOBS_WINDOWS id="1348021" link="0" name="PCK.AUTOMIC_CA_PAM.PRV.JOB.GET_CREDENTIAL@WINDOWS"/>
</FOLD>
<FOLD name="PROMPTSETS" title="">
<PRPT id="1348022" link="0" name="PCK.AUTOMIC_CA_PAM.PRV.PROMPTSET.GET_CREDENTIAL"/>
</FOLD>
</FOLD>
</FOLD>
<FOLD name="SHARED" title="">
<FOLD name="INCLUDES" title="">
<JOBI id="1348017" link="0" name="PCK.AUTOMIC_CA_PAM.PUB.INCLUDE.ATTACH_RESOURCE"/>
<JOBI id="1348018" link="0" name="PCK.AUTOMIC_CA_PAM.PUB.INCLUDE.ENCRYPT_SECRET"/>
</FOLD>
</FOLD>
</FOLD>
</FOLD>
</FolderStruct>
<VARA OVD_VRName="FREI" data_type="STATIC" name="PCK.AUTOMIC_CA_PAM.PUB.VAR.METADATA" replacementmode="2">
<HEADER state="1">
<Title/>
<ArchiveKey1/>
<ArchiveKey2/>
<OH_SubType>STATIC</OH_SubType>
</HEADER>
<ATTR_VARA state="1">
<Type>C|Text</Type>
<lblSource>Static</lblSource>
<source>STATIC</source>
<VRName>FREI|Freely selected</VRName>
<NotFoundErr>0</NotFoundErr>
<NotFoundDef>1</NotFoundDef>
<ShareN>0</ShareN>
<ShareL>0</ShareL>
<ShareR>0</ShareR>
<MaxValue_C>1024</MaxValue_C>
<CheckMax_C>0</CheckMax_C>
<uppercase>0</uppercase>
<sortColumn>0</sortColumn>
<sortDirection>0</sortDirection>
</ATTR_VARA>
<VARA state="1">
<Variables>
<row Name="Categories" Value="CA PAM Integration" Value1="" Value2="" Value3="" Value4=""/>
<row Name="Company" Value="Automic Software GmbH" Value1="" Value2="" Value3="" Value4=""/>
<row Name="Dependencies" Value="PCK.ITPA_SHARED ~&gt; 1.1" Value1="" Value2="" Value3="" Value4=""/>
<row Name="Description" Value="Provides integration with CA PAM" Value1="" Value2="" Value3="" Value4=""/>
<row Name="Homepage" Value="www.automic.com" Value1="" Value2="" Value3="" Value4=""/>
<row Name="License" Value="Automic License" Value1="" Value2="" Value3="" Value4=""/>
<row Name="Name" Value="PCK.AUTOMIC_CA_PAM" Value1="" Value2="" Value3="" Value4=""/>
<row Name="Package Format Version" Value="0.3.0" Value1="" Value2="" Value3="" Value4=""/>
<row Name="Restricted To Client" Value="" Value1="" Value2="" Value3="" Value4=""/>
<row Name="Revision" Value="cd0d057" Value1="" Value2="" Value3="" Value4=""/>
<row Name="Title" Value="CA PAM" Value1="" Value2="" Value3="" Value4=""/>
<row Name="Type" Value="Action Pack" Value1="" Value2="" Value3="" Value4=""/>
<row Name="Version" Value="1.0.0" Value1="" Value2="" Value3="" Value4=""/>
<row Name="Build Number" Value="7614" Value1="" Value2="" Value3="" Value4=""/></Variables>
</VARA>
<DOCU_Docu state="1" type="text">
<DOC/>
</DOCU_Docu>
</VARA>
<VARA OVD_VRName="FREI" data_type="STATIC" name="PCK.AUTOMIC_CA_PAM.PUB.PROMPT_EXTERNAL_MAP" replacementmode="2">
<HEADER state="1">
<Title/>
<ArchiveKey1/>
<ArchiveKey2/>
<OH_SubType>STATIC</OH_SubType>
</HEADER>
<ATTR_VARA state="1">
<Type>C|Text</Type>
<lblSource>Static</lblSource>
<source>STATIC</source>
<VRName>FREI|Freely selected</VRName>
<NotFoundErr>0</NotFoundErr>
<NotFoundDef>1</NotFoundDef>
<ShareN>0</ShareN>
<ShareL>0</ShareL>
<ShareR>0</ShareR>
<MaxValue_C>1024</MaxValue_C>
<CheckMax_C>0</CheckMax_C>
<uppercase>0</uppercase>
<sortColumn>0</sortColumn>
<sortDirection>0</sortDirection>
</ATTR_VARA>
<VARA state="1">
<Variables>
<row Name="PCK.AUTOMIC_CA_PAM.PUB.ACTION.GET_CREDENTIAL/AGENT#" Value="&amp;AGENT#" Value1="" Value2="" Value3="" Value4=""/>
<row Name="PCK.AUTOMIC_CA_PAM.PUB.ACTION.GET_CREDENTIAL/LOGIN#" Value="&amp;LOGIN#" Value1="" Value2="" Value3="" Value4=""/>
</Variables>
</VARA>
<DOCU_Docu state="1" type="text">
<DOC/>
</DOCU_Docu>
</VARA>
<DOCU name="PCK.AUTOMIC_CA_PAM.PUB.DOC">
<HEADER state="1">
<Title>Pack Documentation</Title>
<ArchiveKey1/>
<ArchiveKey2/>
<OH_SubType/>
</HEADER>
<DOCU_Docu state="1" type="text">
<DOC><![CDATA[About CA PAM
CA Privileged Access Manager is a product that tracks and secures the usage of logins involving access to administrative control or sensitive 
information. The product uses real-time monitoring, behavioural analytics, session recording and real-time alerts to ensure that credentials are 
being used by the authorised user and that they are used as they should be according to company policy.

About the Package
CA PAM store the Password and User ID. We can get the Password with the help of Alias

=Setup=
* This Action pack supports Windows and UNIX Agent.
* CA PAM client should be installed on agent OS and should be configure and authenticate with CA PAM server.
* Oracle JRE 1.7 or higher version should be installed on agent OS.
* Java executable should be set in the PATH environment variable on agent OS.  
* To run the action on Windows, Power shell 3.0 or higher version should be installed.
 

=Common Inputs=
CA PAM PATH*: Provide the folder path where CA PAM client is installed. E.g C:\cspm\cloakware
Alias*:        Provide unique Alias which is define in the PAM sever E.g. test2
 
=Actions=
Following actions are supported.

* Action name: PCK.AUTOMIC_CA_PAM.PUB.ACTION.GET_CREDENTIAL
* Action Description: This action is used to retrieve Password with the help of alias from the CA PAM server


 








]]></DOC>
</DOCU_Docu>
</DOCU>
<DOCU name="PCK.AUTOMIC_CA_PAM.PUB.LICENSES">
<HEADER state="1">
<Title/>
<ArchiveKey1/>
<ArchiveKey2/>
<OH_SubType/>
</HEADER>
<DOCU_Docu state="1" type="text">
<DOC/>
</DOCU_Docu>
</DOCU>
<STORE name="PCK.AUTOMIC_CA_PAM.PRV.STORE">
<HEADER state="1">
<Title/>
<ArchiveKey1/>
<ArchiveKey2/>
<OH_SubType/>
</HEADER>
<STORE>
<resourceList>
<row checksum="C272C6A02DA79C1D7ABE751DECEA84061EDDA8897402FB967B81F2EEA9E7DD6B" fileType="BINARY" filename="capam-tool.jar" hw="*" id="CAPAMTOOL-ALL-ALL-ALL" name="CAPAMTOOL" platform="*" resname="PCK.AUTOMIC_CA_PAM.PRV.STORE-CAPAMTOOL-ALL-ALL-ALL" size="338405" sw="*" type="3" version="1.0.0.201903010710"/>
</resourceList>
</STORE>
<DOCU_Docu state="1" type="text">
<DOC/>
</DOCU_Docu>
</STORE>
<JOBP AllowExternal="1" name="PCK.AUTOMIC_CA_PAM.PUB.ACTION.GET_CREDENTIAL">
<XHEADER state="1">
<Title>Get Credential</Title>
<ArchiveKey1/>
<ArchiveKey2/>
<Active>1</Active>
<OH_SubType/>
<CustomAttributes KeyListID="0" dataRequestID="0"/>
</XHEADER>
<SYNCREF state="1">
<Syncs/>
</SYNCREF>
<ATTR_JOBP state="1">
<Queue>CLIENT_QUEUE</Queue>
<ChildQueue>*OWN</ChildQueue>
<StartType/>
<ExtRepDef>1</ExtRepDef>
<ExtRepAll>0</ExtRepAll>
<ExtRepNone>0</ExtRepNone>
<IntAccount/>
<AutoDeactNo>0</AutoDeactNo>
<AutoDeact1ErrorFree>0</AutoDeact1ErrorFree>
<AutoDeactErrorFree>1</AutoDeactErrorFree>
<DeactWhen>ANY_OK</DeactWhen>
<AutoDeactAlways>0</AutoDeactAlways>
<DeactDelay>0</DeactDelay>
<ActAtRun>1</ActAtRun>
<UC4Priority>0</UC4Priority>
<PassPriority>0</PassPriority>
<MaxParallel2>0</MaxParallel2>
<ReuseHG>1</ReuseHG>
<MpElse1>1</MpElse1>
<MpElse2>0</MpElse2>
<TZ/>
<RWhen/>
<RExecute/>
<JPA_SubType/>
</ATTR_JOBP>
<JOBP state="1">
<JobpStruct mode="design">
<task Alias="" BranchType="0" Col="1" Lnr="1" OType="&lt;START&gt;" Object="START" ParentAlias="" ParentObject="" Row="2" Text2="">
<checkpoint RollbackFlag="0" RunPerPatch="0" RunPerTarget="0" TcpADays="0" TcpATime="00:00" TcpATimeTZ="" TcpExecute="" TcpOn="0" promptatgen="0" showprompt="0"/>
<after ActFlg="1" AtimOn="0" ErlstStDays="0" ErlstStTime="00:00" ErlstStTimeTZ="" HoldFlg="0"/>
<when ChkWhenExec="0" LtstEnd="0" LtstEndDays="0" LtstEndTime="00:00" LtstSt="0" LtstStDays="0" LtstStTime="00:00" LtstTimeTZ="" WCTypeAND="1" WCTypeOR="0" WElseA="0" WElseH="0" WElseS="1" WElseX="0" WhenExecute="" WtimOn="0"/>
<preconditions>
<PreCon>
<conditions id="CONDITIONS"/>
</PreCon>
</preconditions>
<predecessors/>
<runtime MrtCancel="0" MrtDays="0" MrtErt="0" MrtExecute="0" MrtExecuteObj="" MrtFix="0" MrtMethodDate="0" MrtMethodErt="0" MrtMethodFix="0" MrtMethodNone="1" MrtOn="1" MrtTZ="" MrtTime="00:00" SrtErt="0" SrtFix="0" SrtMethodErt="0" SrtMethodFix="0" SrtMethodNone="1"/>
<result ChkRExec="0" RElseHalt="0" RElseIgn="0" RElseJPAbend="0" RExecFlag="0" RExecute="" RRepMTimes="0" RRepOn="0" RRepWait="0" RWhen=""/>
<dynvalues>
<dyntree>
<node content="1" id="PCK.AUTOMIC_CA_PAM.PRV.PROMPTSET.GET_CREDENTIAL" name="PCK.AUTOMIC_CA_PAM.PRV.PROMPTSET.GET_CREDENTIAL" parent="PPRPTS" type="PPROMPTSET">
<PROMPTSET name="PCK.AUTOMIC_CA_PAM.PRV.PROMPTSET.GET_CREDENTIAL">
<PRPTBOX promptset="PCK.AUTOMIC_CA_PAM.PRV.PROMPTSET.GET_CREDENTIAL">
<UC4RB_PAM_ALIASs.00 ReadFromTable="OPUD" altview="0" haslist="0" msginsert="" msgnr="" promptname="UC4RB_PAM_ALIAS#" promptsetname="PCK.AUTOMIC_CA_PAM.PRV.PROMPTSET.GET_CREDENTIAL"/>
<UC4RB_PAM_ENCRYPTs.00 ReadFromTable="OPUD" altview="0" haslist="0" msginsert="" msgnr="" promptname="UC4RB_PAM_ENCRYPT#" promptsetname="PCK.AUTOMIC_CA_PAM.PRV.PROMPTSET.GET_CREDENTIAL">YES</UC4RB_PAM_ENCRYPTs.00>
<UC4RB_PAM_PATHs.00 ReadFromTable="OPUD" altview="0" haslist="0" msginsert="" msgnr="" promptname="UC4RB_PAM_PATH#" promptsetname="PCK.AUTOMIC_CA_PAM.PRV.PROMPTSET.GET_CREDENTIAL"/>
</PRPTBOX>
</PROMPTSET>
</node>
<node content="1" id="PCK.ITPA_SHARED.PRV.PROMPTSET.OVERWRITE_AGENT" name="PCK.ITPA_SHARED.PRV.PROMPTSET.OVERWRITE_AGENT" parent="PPRPTS" type="PPROMPTSET">
<PROMPTSET name="PCK.ITPA_SHARED.PRV.PROMPTSET.OVERWRITE_AGENT">
<PRPTBOX promptset="PCK.ITPA_SHARED.PRV.PROMPTSET.OVERWRITE_AGENT">
<AGENTs.00 ReadFromTable="OPUD" altview="0" haslist="0" msginsert="" msgnr="" promptname="AGENT#" promptsetname="PCK.ITPA_SHARED.PRV.PROMPTSET.OVERWRITE_AGENT"/>
<LOGINs.00 ReadFromTable="OPUD" altview="0" haslist="0" msginsert="" msgnr="" promptname="LOGIN#" promptsetname="PCK.ITPA_SHARED.PRV.PROMPTSET.OVERWRITE_AGENT"/>
</PRPTBOX>
</PROMPTSET>
</node>
</dyntree>
</dynvalues>
<CIT/>
<calendars CCTypeAll="0" CCTypeExt="0" CCTypeNone="0" CCTypeOne="1" CaleOn="0"/>
<postconditions>
<PostCon>
<conditions id="CONDITIONS"/>
</PostCon>
</postconditions>
</task>
<task Alias="GET_CREDENTIAL" BranchType="0" Col="2" Lnr="2" OType="JOBS" Object="PCK.AUTOMIC_CA_PAM.PRV.JOB.GET_CREDENTIAL@WINDOWS" ParentAlias="" ParentObject="" Row="1" Text2="">
<checkpoint RollbackFlag="0" RunPerPatch="0" RunPerTarget="0" TcpADays="0" TcpATime="00:00" TcpATimeTZ="" TcpExecute="" TcpOn="0" promptatgen="0" showprompt="0"/>
<after ActFlg="1" AtimOn="0" ErlstStDays="0" ErlstStTime="00:00" ErlstStTimeTZ="" HoldFlg="0"/>
<when ChkWhenExec="0" LtstEnd="0" LtstEndDays="0" LtstEndTime="00:00" LtstSt="0" LtstStDays="0" LtstStTime="00:00" LtstTimeTZ="" WCTypeAND="1" WCTypeOR="0" WElseA="1" WElseH="0" WElseS="0" WElseX="0" WhenExecute="" WtimOn="0"/>
<preconditions>
<PreCon>
<conditions id="CONDITIONS"/>
</PreCon>
</preconditions>
<predecessors>
<pre BranchType="0" Lnr="1" PreLnr="1" When="ANY_OK" type="container"/>
</predecessors>
<runtime MrtCancel="0" MrtDays="0" MrtErt="0" MrtExecute="0" MrtExecuteObj="" MrtFix="0" MrtMethodDate="0" MrtMethodErt="0" MrtMethodFix="0" MrtMethodNone="1" MrtOn="1" MrtTZ="" MrtTime="00:00" SrtErt="0" SrtFix="0" SrtMethodErt="0" SrtMethodFix="0" SrtMethodNone="1"/>
<result ChkRExec="0" RElseHalt="0" RElseIgn="0" RElseJPAbend="0" RExecFlag="0" RExecute="" RRepMTimes="0" RRepOn="0" RRepWait="0" RWhen=""/>
<dynvalues>
<dyntree>
<node content="1" id="VALUE" name="Variables" parent="" type="TASKVALUE">
<VALUE state="2">
<Values/>
<Mode>0</Mode>
</VALUE>
</node>
<node content="1" id="PVALUE" name="Parent Variables" parent="" type="TASKVALUE">
<VALUE state="2">
<Values/>
<Mode>1</Mode>
</VALUE>
</node>
<node content="1" id="PRPTS" name="PromptSets" parent="" pref="1" type="PROMPTSET"/>
<node content="0" id="PPRPTS" name="Parent PromptSets" parent="" type="PPROMPTSET"/>
<node content="1" id="PCK.AUTOMIC_CA_PAM.PRV.PROMPTSET.GET_CREDENTIAL" name="PCK.AUTOMIC_CA_PAM.PRV.PROMPTSET.GET_CREDENTIAL" parent="PPRPTS" type="PPROMPTSET">
<PROMPTSET name="PCK.AUTOMIC_CA_PAM.PRV.PROMPTSET.GET_CREDENTIAL">
<PRPTBOX promptset="PCK.AUTOMIC_CA_PAM.PRV.PROMPTSET.GET_CREDENTIAL">
<UC4RB_PAM_ALIASs.00 ReadFromTable="OPUD" altview="0" haslist="0" msginsert="" msgnr="" promptname="UC4RB_PAM_ALIAS#" promptsetname="PCK.AUTOMIC_CA_PAM.PRV.PROMPTSET.GET_CREDENTIAL"/>
<UC4RB_PAM_ENCRYPTs.00 ReadFromTable="OPUD" altview="0" haslist="0" msginsert="" msgnr="" promptname="UC4RB_PAM_ENCRYPT#" promptsetname="PCK.AUTOMIC_CA_PAM.PRV.PROMPTSET.GET_CREDENTIAL">YES</UC4RB_PAM_ENCRYPTs.00>
<UC4RB_PAM_PATHs.00 ReadFromTable="OPUD" altview="0" haslist="0" msginsert="" msgnr="" promptname="UC4RB_PAM_PATH#" promptsetname="PCK.AUTOMIC_CA_PAM.PRV.PROMPTSET.GET_CREDENTIAL"/>
</PRPTBOX>
</PROMPTSET>
</node>
<node content="1" id="PCK.ITPA_SHARED.PRV.PROMPTSET.OVERWRITE_AGENT" name="PCK.ITPA_SHARED.PRV.PROMPTSET.OVERWRITE_AGENT" parent="PPRPTS" type="PPROMPTSET">
<PROMPTSET name="PCK.ITPA_SHARED.PRV.PROMPTSET.OVERWRITE_AGENT">
<PRPTBOX promptset="PCK.ITPA_SHARED.PRV.PROMPTSET.OVERWRITE_AGENT">
<AGENTs.00 ReadFromTable="OPUD" altview="0" haslist="0" msginsert="" msgnr="" promptname="AGENT#" promptsetname="PCK.ITPA_SHARED.PRV.PROMPTSET.OVERWRITE_AGENT"/>
<LOGINs.00 ReadFromTable="OPUD" altview="0" haslist="0" msginsert="" msgnr="" promptname="LOGIN#" promptsetname="PCK.ITPA_SHARED.PRV.PROMPTSET.OVERWRITE_AGENT"/>
</PRPTBOX>
</PROMPTSET>
</node>
</dyntree>
</dynvalues>
<CIT/>
<calendars CCTypeAll="0" CCTypeExt="0" CCTypeNone="0" CCTypeOne="1" CaleOn="0"/>
<postconditions>
<PostCon>
<conditions id="CONDITIONS"/>
</PostCon>
</postconditions>
</task>
<task Alias="GET_CREDENTIAL" BranchType="0" Col="2" Lnr="3" OType="JOBS" Object="PCK.AUTOMIC_CA_PAM.PRV.JOB.GET_CREDENTIAL@UNIX" ParentAlias="" ParentObject="" Row="3" Text2="">
<checkpoint RollbackFlag="0" RunPerPatch="0" RunPerTarget="0" TcpADays="0" TcpATime="00:00" TcpATimeTZ="" TcpExecute="" TcpOn="0" promptatgen="0" showprompt="0"/>
<after ActFlg="1" AtimOn="0" ErlstStDays="0" ErlstStTime="00:00" ErlstStTimeTZ="" HoldFlg="0"/>
<when ChkWhenExec="0" LtstEnd="0" LtstEndDays="0" LtstEndTime="00:00" LtstSt="0" LtstStDays="0" LtstStTime="00:00" LtstTimeTZ="" WCTypeAND="1" WCTypeOR="0" WElseA="1" WElseH="0" WElseS="0" WElseX="0" WhenExecute="" WtimOn="0"/>
<preconditions>
<PreCon>
<conditions id="CONDITIONS"/>
</PreCon>
</preconditions>
<predecessors>
<pre BranchType="0" Lnr="1" PreLnr="1" When="ANY_OK" type="container"/>
</predecessors>
<runtime MrtCancel="0" MrtDays="0" MrtErt="0" MrtExecute="0" MrtExecuteObj="" MrtFix="0" MrtMethodDate="0" MrtMethodErt="0" MrtMethodFix="0" MrtMethodNone="1" MrtOn="1" MrtTZ="" MrtTime="00:00" SrtErt="0" SrtFix="0" SrtMethodErt="0" SrtMethodFix="0" SrtMethodNone="1"/>
<result ChkRExec="0" RElseHalt="0" RElseIgn="0" RElseJPAbend="0" RExecFlag="0" RExecute="" RRepMTimes="0" RRepOn="0" RRepWait="0" RWhen=""/>
<dynvalues>
<dyntree>
<node content="1" id="VALUE" name="Variables" parent="" type="TASKVALUE">
<VALUE state="2">
<Values/>
<Mode>0</Mode>
</VALUE>
</node>
<node content="1" id="PVALUE" name="Parent Variables" parent="" type="TASKVALUE">
<VALUE state="2">
<Values/>
<Mode>1</Mode>
</VALUE>
</node>
<node content="1" id="PRPTS" name="PromptSets" parent="" pref="1" type="PROMPTSET"/>
<node content="0" id="PPRPTS" name="Parent PromptSets" parent="" type="PPROMPTSET"/>
<node content="1" id="PCK.AUTOMIC_CA_PAM.PRV.PROMPTSET.GET_CREDENTIAL" name="PCK.AUTOMIC_CA_PAM.PRV.PROMPTSET.GET_CREDENTIAL" parent="PPRPTS" type="PPROMPTSET">
<PROMPTSET name="PCK.AUTOMIC_CA_PAM.PRV.PROMPTSET.GET_CREDENTIAL">
<PRPTBOX promptset="PCK.AUTOMIC_CA_PAM.PRV.PROMPTSET.GET_CREDENTIAL">
<UC4RB_PAM_ALIASs.00 ReadFromTable="OPUD" altview="0" haslist="0" msginsert="" msgnr="" promptname="UC4RB_PAM_ALIAS#" promptsetname="PCK.AUTOMIC_CA_PAM.PRV.PROMPTSET.GET_CREDENTIAL"/>
<UC4RB_PAM_ENCRYPTs.00 ReadFromTable="OPUD" altview="0" haslist="0" msginsert="" msgnr="" promptname="UC4RB_PAM_ENCRYPT#" promptsetname="PCK.AUTOMIC_CA_PAM.PRV.PROMPTSET.GET_CREDENTIAL">YES</UC4RB_PAM_ENCRYPTs.00>
<UC4RB_PAM_PATHs.00 ReadFromTable="OPUD" altview="0" haslist="0" msginsert="" msgnr="" promptname="UC4RB_PAM_PATH#" promptsetname="PCK.AUTOMIC_CA_PAM.PRV.PROMPTSET.GET_CREDENTIAL"/>
</PRPTBOX>
</PROMPTSET>
</node>
<node content="1" id="PCK.ITPA_SHARED.PRV.PROMPTSET.OVERWRITE_AGENT" name="PCK.ITPA_SHARED.PRV.PROMPTSET.OVERWRITE_AGENT" parent="PPRPTS" type="PPROMPTSET">
<PROMPTSET name="PCK.ITPA_SHARED.PRV.PROMPTSET.OVERWRITE_AGENT">
<PRPTBOX promptset="PCK.ITPA_SHARED.PRV.PROMPTSET.OVERWRITE_AGENT">
<AGENTs.00 ReadFromTable="OPUD" altview="0" haslist="0" msginsert="" msgnr="" promptname="AGENT#" promptsetname="PCK.ITPA_SHARED.PRV.PROMPTSET.OVERWRITE_AGENT"/>
<LOGINs.00 ReadFromTable="OPUD" altview="0" haslist="0" msginsert="" msgnr="" promptname="LOGIN#" promptsetname="PCK.ITPA_SHARED.PRV.PROMPTSET.OVERWRITE_AGENT"/>
</PRPTBOX>
</PROMPTSET>
</node>
</dyntree>
</dynvalues>
<CIT/>
<calendars CCTypeAll="0" CCTypeExt="0" CCTypeNone="0" CCTypeOne="1" CaleOn="0"/>
<postconditions>
<PostCon>
<conditions id="CONDITIONS"/>
</PostCon>
</postconditions>
</task>
<task Alias="" BranchType="0" Col="3" Lnr="4" OType="&lt;END&gt;" Object="END" ParentAlias="" ParentObject="" Row="2" Text2="">
<checkpoint RollbackFlag="0" RunPerPatch="0" RunPerTarget="0" TcpADays="0" TcpATime="00:00" TcpATimeTZ="" TcpExecute="" TcpOn="0" promptatgen="0" showprompt="0"/>
<after ActFlg="1" AtimOn="0" ErlstStDays="0" ErlstStTime="00:00" ErlstStTimeTZ="" HoldFlg="0"/>
<when ChkWhenExec="0" LtstEnd="0" LtstEndDays="0" LtstEndTime="00:00" LtstSt="0" LtstStDays="0" LtstStTime="00:00" LtstTimeTZ="" WCTypeAND="1" WCTypeOR="0" WElseA="1" WElseH="0" WElseS="0" WElseX="0" WhenExecute="" WtimOn="0"/>
<preconditions>
<PreCon>
<conditions id="CONDITIONS"/>
</PreCon>
</preconditions>
<predecessors>
<pre BranchType="0" Lnr="1" PreLnr="3" When="ANY_OK" type="container"/>
<pre BranchType="0" Lnr="2" PreLnr="2" When="ANY_OK" type="container"/>
</predecessors>
<runtime MrtCancel="0" MrtDays="0" MrtErt="0" MrtExecute="0" MrtExecuteObj="" MrtFix="0" MrtMethodDate="0" MrtMethodErt="0" MrtMethodFix="0" MrtMethodNone="1" MrtOn="1" MrtTZ="" MrtTime="00:00" SrtErt="0" SrtFix="0" SrtMethodErt="0" SrtMethodFix="0" SrtMethodNone="1"/>
<result ChkRExec="0" RElseHalt="0" RElseIgn="0" RElseJPAbend="0" RExecFlag="0" RExecute="" RRepMTimes="0" RRepOn="0" RRepWait="0" RWhen=""/>
<dynvalues>
<dyntree>
<node content="1" id="PCK.AUTOMIC_CA_PAM.PRV.PROMPTSET.GET_CREDENTIAL" name="PCK.AUTOMIC_CA_PAM.PRV.PROMPTSET.GET_CREDENTIAL" parent="PPRPTS" type="PPROMPTSET">
<PROMPTSET name="PCK.AUTOMIC_CA_PAM.PRV.PROMPTSET.GET_CREDENTIAL">
<PRPTBOX promptset="PCK.AUTOMIC_CA_PAM.PRV.PROMPTSET.GET_CREDENTIAL">
<UC4RB_PAM_ALIASs.00 ReadFromTable="OPUD" altview="0" haslist="0" msginsert="" msgnr="" promptname="UC4RB_PAM_ALIAS#" promptsetname="PCK.AUTOMIC_CA_PAM.PRV.PROMPTSET.GET_CREDENTIAL"/>
<UC4RB_PAM_ENCRYPTs.00 ReadFromTable="OPUD" altview="0" haslist="0" msginsert="" msgnr="" promptname="UC4RB_PAM_ENCRYPT#" promptsetname="PCK.AUTOMIC_CA_PAM.PRV.PROMPTSET.GET_CREDENTIAL">YES</UC4RB_PAM_ENCRYPTs.00>
<UC4RB_PAM_PATHs.00 ReadFromTable="OPUD" altview="0" haslist="0" msginsert="" msgnr="" promptname="UC4RB_PAM_PATH#" promptsetname="PCK.AUTOMIC_CA_PAM.PRV.PROMPTSET.GET_CREDENTIAL"/>
</PRPTBOX>
</PROMPTSET>
</node>
<node content="1" id="PCK.ITPA_SHARED.PRV.PROMPTSET.OVERWRITE_AGENT" name="PCK.ITPA_SHARED.PRV.PROMPTSET.OVERWRITE_AGENT" parent="PPRPTS" type="PPROMPTSET">
<PROMPTSET name="PCK.ITPA_SHARED.PRV.PROMPTSET.OVERWRITE_AGENT">
<PRPTBOX promptset="PCK.ITPA_SHARED.PRV.PROMPTSET.OVERWRITE_AGENT">
<AGENTs.00 ReadFromTable="OPUD" altview="0" haslist="0" msginsert="" msgnr="" promptname="AGENT#" promptsetname="PCK.ITPA_SHARED.PRV.PROMPTSET.OVERWRITE_AGENT"/>
<LOGINs.00 ReadFromTable="OPUD" altview="0" haslist="0" msginsert="" msgnr="" promptname="LOGIN#" promptsetname="PCK.ITPA_SHARED.PRV.PROMPTSET.OVERWRITE_AGENT"/>
</PRPTBOX>
</PROMPTSET>
</node>
</dyntree>
</dynvalues>
<CIT/>
<calendars CCTypeAll="0" CCTypeExt="0" CCTypeNone="0" CCTypeOne="1" CaleOn="0"/>
<postconditions>
<PostCon>
<conditions id="CONDITIONS"/>
</PostCon>
</postconditions>
</task>
<OPTIONS/>
</JobpStruct>
</JOBP>
<RUNTIME state="1">
<MaxRetCode>0</MaxRetCode>
<MrcExecute/>
<MrcElseE>0</MrcElseE>
<FcstStatus>0| |</FcstStatus>
<Ert>0</Ert>
<ErtMethodDef>1</ErtMethodDef>
<ErtMethodFix>0</ErtMethodFix>
<ErtFix>0</ErtFix>
<ErtDynMethod>2|Average</ErtDynMethod>
<ErtMethodDyn>0</ErtMethodDyn>
<ErtCnt>0</ErtCnt>
<ErtCorr>0</ErtCorr>
<ErtIgn>0</ErtIgn>
<ErtIgnFlg>0</ErtIgnFlg>
<ErtMinCnt>0</ErtMinCnt>
<MrtMethodNone>1</MrtMethodNone>
<MrtMethodFix>0</MrtMethodFix>
<MrtFix>0</MrtFix>
<MrtMethodErt>0</MrtMethodErt>
<MrtErt>0</MrtErt>
<MrtMethodDate>0</MrtMethodDate>
<MrtDays>0</MrtDays>
<MrtTime>00:00</MrtTime>
<MrtTZ/>
<SrtMethodNone>1</SrtMethodNone>
<SrtMethodFix>0</SrtMethodFix>
<SrtFix>0</SrtFix>
<SrtMethodErt>0</SrtMethodErt>
<SrtErt>0</SrtErt>
<MrtCancel>0</MrtCancel>
<MrtExecute>0</MrtExecute>
<MrtExecuteObj/>
</RUNTIME>
<DYNVALUES state="1">
<dyntree>
<node content="1" id="VALUE" name="Variables" parent="" type="VALUE">
<VALUE state="1">
<Values/>
<Mode>1</Mode>
</VALUE>
</node>
<node content="1" id="PCK.AUTOMIC_CA_PAM.PRV.PROMPTSET.GET_CREDENTIAL" name="PCK.AUTOMIC_CA_PAM.PRV.PROMPTSET.GET_CREDENTIAL" parent="PRPTS" type="PROMPTSET">
<PROMPTSET name="PCK.AUTOMIC_CA_PAM.PRV.PROMPTSET.GET_CREDENTIAL" ontop="1">
<PRPTBOX promptset="PCK.AUTOMIC_CA_PAM.PRV.PROMPTSET.GET_CREDENTIAL" prptmode="1">
<UC4RB_PAM_PATHs.00 altview="0" haslist="0"/>
<UC4RB_PAM_ALIASs.00 altview="0" haslist="0"/>
<UC4RB_PAM_ENCRYPTs.00 altview="0" haslist="0">YES</UC4RB_PAM_ENCRYPTs.00>
</PRPTBOX>
</PROMPTSET>
</node>
<node content="1" id="PCK.ITPA_SHARED.PRV.PROMPTSET.OVERWRITE_AGENT" name="PCK.ITPA_SHARED.PRV.PROMPTSET.OVERWRITE_AGENT" parent="PRPTS" type="PROMPTSET">
<PROMPTSET name="PCK.ITPA_SHARED.PRV.PROMPTSET.OVERWRITE_AGENT" ontop="1">
<PRPTBOX promptset="PCK.ITPA_SHARED.PRV.PROMPTSET.OVERWRITE_AGENT" prptmode="1">
<AGENTs.00 altview="0" haslist="0"/>
<LOGINs.00 altview="0" haslist="0"/>
</PRPTBOX>
</PROMPTSET>
</node>
</dyntree>
</DYNVALUES>
<DEPLOYMENT state="1">
<DeploymentFlag>0</DeploymentFlag>
<WFTypeA>1</WFTypeA>
<WFTypeC>0</WFTypeC>
<AppName/>
<WFName/>
<ComponentName/>
</DEPLOYMENT>
<ROLLBACK state="1">
<RollbackFlag>0</RollbackFlag>
<CBackupObj/>
<CRollbackObj/>
<FBackupPath/>
<FDeleteBefore>0</FDeleteBefore>
<FInclSubDirs>0</FInclSubDirs>
</ROLLBACK>
<SCRIPT mode="1" state="1">
<MSCRI/>
</SCRIPT>
<DOCU_Docu state="1" type="text">
<DOC><![CDATA[= Action name =
PCK.AUTOMIC_CA_PAM.PUB.ACTION.GET_CREDENTIAL

= General description =
This action is used to retrieve Password from the CA PAM server

= Failure Conditions =
- If an invalid CA PAM Path Name is provided.
- If connection parameters are not correct.

= Inputs =
- CA PAM PATH*: Provide Path where the CA PAM client is installed. E.g. C:\cspm\cloakware
- ALIAS*:   Provide the unique Alias. E.g. test2
- Encrypt:  Specify whether if retrieved secret should be kept as clear text or should be encrypted in CDA for its security. E.g. YES/NO


= Behavior =
(none)

=Return Value=
UC4RB_PASSWORD: Return the password.

= Outputs =
* Return code is 0 in case of success.
* Return code is non-zero in case of failure.

= Rollback =
(none)

= Logging =
AE logs will be displayed in the AE report.

= Example =
- Engine Path: C:\cspm\cloakware
- Role Name:   test2
- Encrypt:     YES/NO
]]></DOC>
</DOCU_Docu>
</JOBP>
<JOBI name="PCK.AUTOMIC_CA_PAM.PRV.INCLUDE.PUBLISH_CA_PAM_DATA">
<HEADER state="1">
<Title/>
<ArchiveKey1/>
<ArchiveKey2/>
<OH_SubType/>
</HEADER>
<SCRIPT mode="1" state="1">
<MSCRI><![CDATA[: SET &STATUS# = GET_UC_OBJECT_STATUS(,,"RETCODE")
: SET &UC4RB_PASSWORD# = ""

: IF &STATUS# EQ 0
:   SET &HND# = PREP_PROCESS_REPORT("JOBS",, "REP","UC4RB_PASSWORD*","COL=DELIMITER", 'DELIMITER=*::=*')
:   PROCESS &HND#
:     SET &KEY# = GET_PROCESS_LINE(&HND#,1)
:     SET &VALUE# = GET_PROCESS_LINE(&HND#,2)
:     IF &KEY# EQ "UC4RB_PASSWORD"
:         SET &UC4RB_PASSWORD# = &VALUE#
:         TERM_PROCESS
:     ENDIF
:   ENDPROCESS
:   CLOSE_PROCESS &HND#

: PUBLISH &UC4RB_PASSWORD#,,WORKFLOW

: ENDIF]]></MSCRI>
</SCRIPT>
<DOCU_Docu state="1" type="text">
<DOC/>
</DOCU_Docu>
</JOBI>
<JOBS_UNIX AttrType="UNIX" name="PCK.AUTOMIC_CA_PAM.PRV.JOB.GET_CREDENTIAL@UNIX">
<XHEADER state="1">
<Title/>
<ArchiveKey1/>
<ArchiveKey2/>
<Active>1</Active>
<OH_SubType/>
<CustomAttributes KeyListID="0" dataRequestID="0"/>
</XHEADER>
<OUTPUTREG state="1">
<FileReg/>
</OUTPUTREG>
<SYNCREF state="1">
<Syncs/>
</SYNCREF>
<ATTR_JOBS state="1">
<Queue>CLIENT_QUEUE</Queue>
<StartType/>
<HostDst>|&lt;UNIX&gt;|HOST</HostDst>
<HostATTR_Type>UNIX</HostATTR_Type>
<CodeName/>
<Login/>
<IntAccount/>
<ExtRepDef>1</ExtRepDef>
<ExtRepAll>0</ExtRepAll>
<ExtRepNone>0</ExtRepNone>
<AutoDeactNo>1</AutoDeactNo>
<AutoDeact1ErrorFree>0</AutoDeact1ErrorFree>
<AutoDeactErrorFree>0</AutoDeactErrorFree>
<DeactWhen/>
<DeactDelay>0</DeactDelay>
<AutoDeactAlways>0</AutoDeactAlways>
<AttDialog>0</AttDialog>
<ActAtRun>1</ActAtRun>
<Consumption>0</Consumption>
<UC4Priority>0</UC4Priority>
<MaxParallel2>0</MaxParallel2>
<MpElse1>1</MpElse1>
<MpElse2>0</MpElse2>
<TZ/>
</ATTR_JOBS>
<ATTR_UNIX state="1">
<OutputDb>1</OutputDb>
<OutputDbErr>0</OutputDbErr>
<OutputFile>0</OutputFile>
<ShellScript>1</ShellScript>
<Command>0</Command>
<Priority>0</Priority>
<Shell/>
<ShellOptions/>
<Com/>
</ATTR_UNIX>
<RUNTIME state="1">
<MaxRetCode>0</MaxRetCode>
<MrcExecute/>
<MrcElseE>0</MrcElseE>
<FcstStatus>0| |</FcstStatus>
<Ert>0</Ert>
<ErtMethodDef>1</ErtMethodDef>
<ErtMethodFix>0</ErtMethodFix>
<ErtFix>0</ErtFix>
<ErtDynMethod>2|Average</ErtDynMethod>
<ErtMethodDyn>0</ErtMethodDyn>
<ErtCnt>0</ErtCnt>
<ErtCorr>0</ErtCorr>
<ErtIgn>0</ErtIgn>
<ErtIgnFlg>0</ErtIgnFlg>
<ErtMinCnt>0</ErtMinCnt>
<MrtMethodNone>1</MrtMethodNone>
<MrtMethodFix>0</MrtMethodFix>
<MrtFix>0</MrtFix>
<MrtMethodErt>0</MrtMethodErt>
<MrtErt>0</MrtErt>
<MrtMethodDate>0</MrtMethodDate>
<MrtDays>0</MrtDays>
<MrtTime>00:00</MrtTime>
<MrtTZ/>
<SrtMethodNone>1</SrtMethodNone>
<SrtMethodFix>0</SrtMethodFix>
<SrtFix>0</SrtFix>
<SrtMethodErt>0</SrtMethodErt>
<SrtErt>0</SrtErt>
<MrtCancel>0</MrtCancel>
<MrtExecute>0</MrtExecute>
<MrtExecuteObj/>
</RUNTIME>
<DYNVALUES state="1">
<dyntree>
<node content="1" id="VALUE" name="Variables" parent="" type="VALUE">
<VALUE state="1">
<Values/>
<Mode>0</Mode>
</VALUE>
</node>
</dyntree>
</DYNVALUES>
<ROLLBACK state="1">
<RollbackFlag>0</RollbackFlag>
<CBackupObj/>
<CRollbackObj/>
<FBackupPath/>
<FDeleteBefore>0</FDeleteBefore>
<FInclSubDirs>0</FInclSubDirs>
</ROLLBACK>
<PRE_SCRIPT mode="1" replacementmode="1" state="1">
<PSCRI><![CDATA[:INC PCK.ITPA_SHARED.PUB.INCLUDE.START_STOP_JOB_ACCORDING_TO_AGENT_OS
]]></PSCRI>
</PRE_SCRIPT>
<SCRIPT mode="1" state="1">
<MSCRI><![CDATA[!------------------------------------------ LOGGING INPUT PARAMETERS ------------------------------------------
: INC PCK.ITPA_SHARED.PRV.INCLUDE.LOGGING.HEADER.EXECUTION
: INC PCK.AUTOMIC_CA_PAM.PUB.INCLUDE.ATTACH_RESOURCE
: INC PCK.ITPA_SHARED.PUB.INCLUDE.ATTACH
: INC PCK.ITPA_SHARED.PRV.INCLUDE.CHANGE_DIRECTORY_TO_AGENT_BIN

! CAPAM PATH
: SET &UC4RB_LOGGING_PARAMETER# = "CAPAM PATH"
: SET &UC4RB_LOGGING_PARAMETER_VAL# = "&UC4RB_PAM_PATH#"
: INC PCK.ITPA_SHARED.PRV.INCLUDE.LOGGING.PARAM

! ALIAS
: SET &UC4RB_LOGGING_PARAMETER# = "ALIAS"
: SET &UC4RB_LOGGING_PARAMETER_VAL# = "&UC4RB_PAM_ALIAS#"
: INC PCK.ITPA_SHARED.PRV.INCLUDE.LOGGING.PARAM

! ENCRYPRT
: SET &UC4RB_LOGGING_PARAMETER# = "ENCRYPRT"
: SET &UC4RB_LOGGING_PARAMETER_VAL# = "&UC4RB_PAM_ENCRYPT#"
: INC PCK.ITPA_SHARED.PRV.INCLUDE.LOGGING.PARAM


 export CSPM_CLIENT_HOME=&UC4RB_PAM_PATH#

! Define action specific java options and values
: SET &ACTION_NAME# = "GetCredential"

! Custom java directories
: set &JAVA_BINDIR#="&UC4RB_PAM_PATH#/cspmclient_thirdparty/java/bin/"

!Directory containing the class to execute (same as our directory)
classDir=`dirname $0`

!Name of class to execute
 CLASS_NAME="com.automic.capam.client.Client"

!add our client's Java to library path to pickup our cryptography library
 LIB="&UC4RB_PAM_PATH#/cspmclient/lib"

: SET &CLASS_PATH#= "&UC4RB_PAM_PATH#/cspmclient/lib/cspmclient.jar:"
: SET &CLASS_PATH# = STR_CAT(&CLASS_PATH#, "&UC4RB_PAM_PATH#/cspmclient/lib/bc-fips-1.0.0.jar:")
: SET &CLASS_PATH# = STR_CAT(&CLASS_PATH#, "&UC4RB_PAM_PATH_JAR#:")

!Reterive Password
 CLASS_PATH=&CLASS_PATH#

: SET &UC4RB_PAM_CMD# = "&JAVA_BINDIR#java -classpath $CLASS_PATH"
: SET &UC4RB_PAM_CMD# = STR_CAT(&UC4RB_PAM_CMD#, ' "-Djava.library.path=$LIB" "-Dcspm_client_config_file=/home/automic/cspm/catech/cspmclient/config/cspm_client_config.xml"  $CLASS_NAME')
: SET &UC4RB_PAM_CMD# = STR_CAT(&UC4RB_PAM_CMD#, " -action GetCredential")
: SET &UC4RB_PAM_CMD# = STR_CAT(&UC4RB_PAM_CMD#, " -alias '&UC4RB_PAM_ALIAS#'")


output="$(&UC4RB_PAM_CMD#)"
: INC PCK.ITPA_SHARED.PRV.INCLUDE.CHECK_SHELL_CMD@UNIX
statusCode="$(echo "${output}" | grep Status | cut -d\: -f2 | cut -d ' ' -f 2)"
password="$(echo "${output}" | grep Password | awk -F 'Password:' '{print $2}' | xargs)"


!Condition for fail
case "$statusCode" in
   "405") echo "No data found for specific alias." ; exit 1
   ;;
   "406") echo "Application Error. See System log for details" ; exit 1
   ;;
   "410") echo "Unauthorized execution path." ; exit 1
   ;;
   "411") echo "Unauthorized execution path." ; exit 1
   ;;
esac


!Encrypt Secret
: IF &UC4RB_PAM_ENCRYPT# <> 'NO'
:   INC PCK.AUTOMIC_CA_PAM.PUB.INCLUDE.ENCRYPT_SECRET
    password=$UC4_ENCRYPTED_PWD
: ENDIF

echo UC4RB_PASSWORD::=$password
]]></MSCRI>
</SCRIPT>
<OUTPUTSCAN state="1">
<Inherit>N</Inherit>
<filterobjects/>
<HostFsc/>
<LoginFsc/>
</OUTPUTSCAN>
<POST_SCRIPT mode="1" replacementmode="1" state="1">
<OSCRI><![CDATA[:INC PCK.AUTOMIC_CA_PAM.PRV.INCLUDE.PUBLISH_CA_PAM_DATA]]></OSCRI>
</POST_SCRIPT>
<DOCU_Docu state="1" type="text">
<DOC/>
</DOCU_Docu>
</JOBS_UNIX>
<JOBS_WINDOWS AttrType="WINDOWS" name="PCK.AUTOMIC_CA_PAM.PRV.JOB.GET_CREDENTIAL@WINDOWS">
<XHEADER state="1">
<Title>Get Credential</Title>
<ArchiveKey1/>
<ArchiveKey2/>
<Active>1</Active>
<OH_SubType/>
<CustomAttributes KeyListID="0" dataRequestID="0"/>
</XHEADER>
<OUTPUTREG state="1">
<FileReg/>
</OUTPUTREG>
<SYNCREF state="1">
<Syncs/>
</SYNCREF>
<ATTR_JOBS state="1">
<Queue>CLIENT_QUEUE</Queue>
<StartType/>
<HostDst>|&lt;WIN&gt;|HOST</HostDst>
<HostATTR_Type>WINDOWS</HostATTR_Type>
<CodeName/>
<Login/>
<IntAccount/>
<ExtRepDef>1</ExtRepDef>
<ExtRepAll>0</ExtRepAll>
<ExtRepNone>0</ExtRepNone>
<AutoDeactNo>0</AutoDeactNo>
<AutoDeact1ErrorFree>1</AutoDeact1ErrorFree>
<AutoDeactErrorFree>0</AutoDeactErrorFree>
<DeactWhen>ANY_OK</DeactWhen>
<DeactDelay>0</DeactDelay>
<AutoDeactAlways>0</AutoDeactAlways>
<AttDialog>0</AttDialog>
<ActAtRun>1</ActAtRun>
<Consumption>0</Consumption>
<UC4Priority>0</UC4Priority>
<MaxParallel2>0</MaxParallel2>
<MpElse1>1</MpElse1>
<MpElse2>0</MpElse2>
<TZ/>
</ATTR_JOBS>
<ATTR_WINDOWS state="1">
<OutputDb>1</OutputDb>
<OutputDbErr>0</OutputDbErr>
<OutputFile>0</OutputFile>
<IsGenerated>0</IsGenerated>
<BAT>0</BAT>
<COM>0</COM>
<WinBatch>1</WinBatch>
<Standard>1</Standard>
<Minimized>0</Minimized>
<Maximized>0</Maximized>
<JObjDefault>1</JObjDefault>
<JObjYes>0</JObjYes>
<JObjNo>0</JObjNo>
<WorkingDirectory>c:\</WorkingDirectory>
<Command/>
<LogOn>0</LogOn>
<ShowJob>0</ShowJob>
</ATTR_WINDOWS>
<RUNTIME state="1">
<MaxRetCode>0</MaxRetCode>
<MrcExecute/>
<MrcElseE>0</MrcElseE>
<FcstStatus>0| |</FcstStatus>
<Ert>0</Ert>
<ErtMethodDef>1</ErtMethodDef>
<ErtMethodFix>0</ErtMethodFix>
<ErtFix>0</ErtFix>
<ErtDynMethod>2|Average</ErtDynMethod>
<ErtMethodDyn>0</ErtMethodDyn>
<ErtCnt>0</ErtCnt>
<ErtCorr>0</ErtCorr>
<ErtIgn>0</ErtIgn>
<ErtIgnFlg>0</ErtIgnFlg>
<ErtMinCnt>0</ErtMinCnt>
<MrtMethodNone>1</MrtMethodNone>
<MrtMethodFix>0</MrtMethodFix>
<MrtFix>0</MrtFix>
<MrtMethodErt>0</MrtMethodErt>
<MrtErt>0</MrtErt>
<MrtMethodDate>0</MrtMethodDate>
<MrtDays>0</MrtDays>
<MrtTime>00:00</MrtTime>
<MrtTZ/>
<SrtMethodNone>1</SrtMethodNone>
<SrtMethodFix>0</SrtMethodFix>
<SrtFix>0</SrtFix>
<SrtMethodErt>0</SrtMethodErt>
<SrtErt>0</SrtErt>
<MrtCancel>0</MrtCancel>
<MrtExecute>0</MrtExecute>
<MrtExecuteObj/>
</RUNTIME>
<DYNVALUES state="1">
<dyntree>
<node content="1" id="VALUE" name="Variables" parent="" type="VALUE">
<VALUE state="1">
<Values/>
<Mode>0</Mode>
</VALUE>
</node>
</dyntree>
</DYNVALUES>
<ROLLBACK state="1">
<RollbackFlag>0</RollbackFlag>
<CBackupObj/>
<CRollbackObj/>
<FBackupPath/>
<FDeleteBefore>0</FDeleteBefore>
<FInclSubDirs>0</FInclSubDirs>
</ROLLBACK>
<PRE_SCRIPT mode="1" replacementmode="1" state="1">
<PSCRI><![CDATA[:INC PCK.ITPA_SHARED.PUB.INCLUDE.START_STOP_JOB_ACCORDING_TO_AGENT_OS
]]></PSCRI>
</PRE_SCRIPT>
<SCRIPT mode="1" state="1">
<MSCRI><![CDATA[: INC PCK.ITPA_SHARED.PUB.INCLUDE.POWERSHELL_UTILITY
!------------------------------------------ LOGGING INPUT PARAMETERS ------------------------------------------
: INC PCK.ITPA_SHARED.PRV.INCLUDE.LOGGING.HEADER.EXECUTION
: INC PCK.AUTOMIC_CA_PAM.PUB.INCLUDE.ATTACH_RESOURCE
: INC PCK.ITPA_SHARED.PUB.INCLUDE.ATTACH
: INC PCK.ITPA_SHARED.PRV.INCLUDE.CHANGE_DIRECTORY_TO_AGENT_BIN

! CAPAM PATH
: SET &UC4RB_LOGGING_PARAMETER# = "CAPAM PATH"
: SET &UC4RB_LOGGING_PARAMETER_VAL# = "&UC4RB_PAM_PATH#"
: INC PCK.ITPA_SHARED.PRV.INCLUDE.LOGGING.PARAM

! ALIAS
: SET &UC4RB_LOGGING_PARAMETER# = "ALIAS"
: SET &UC4RB_LOGGING_PARAMETER_VAL# = "&UC4RB_PAM_ALIAS#"
: INC PCK.ITPA_SHARED.PRV.INCLUDE.LOGGING.PARAM

! ENCRYPRT
: SET &UC4RB_LOGGING_PARAMETER# = "ENCRYPRT"
: SET &UC4RB_LOGGING_PARAMETER_VAL# = "&UC4RB_PAM_ENCRYPT#"
: INC PCK.ITPA_SHARED.PRV.INCLUDE.LOGGING.PARAM



! Define action specific java options and values
: SET &ACTION_NAME# = "GetCredential"

! Custom java directories
: set &JAVA_BINDIR#="&UC4RB_PAM_PATH#\cspmclient\jre\bin\java"

!Directory containing the class to execute (same as our directory)
$classDir=$ExecutionContext.SessionState.Path.GetUnresolvedProviderPathFromPSPath('.\')

!Name of class to execute
 $CLASS_NAME="com.automic.capam.client.Client"

!add our client's Java to library path to pickup our cryptography library
 $LIB="&UC4RB_PAM_PATH#\cspmclient\lib"

: SET &CLASS_PATH#= "&UC4RB_PAM_PATH#\cspmclient\lib\cspmclient.jar;"
: SET &CLASS_PATH# = STR_CAT(&CLASS_PATH#, "&UC4RB_PAM_PATH#\cspmclient\lib\bc-fips-1.0.0.jar;")
: SET &CLASS_PATH# = STR_CAT(&CLASS_PATH#, "&UC4RB_PAM_PATH_JAR#;$classDir")

$CLASS_PATH="&CLASS_PATH#"

: SET &UC4RB_PAM_CMD# = "&JAVA_BINDIR# -classpath $CLASS_PATH"
: SET &UC4RB_PAM_CMD# = STR_CAT(&UC4RB_PAM_CMD#, ' "-Djava.library.path=$LIB" $CLASS_NAME')
: SET &UC4RB_PAM_CMD# = STR_CAT(&UC4RB_PAM_CMD#, " -action GetCredential")
: SET &UC4RB_PAM_CMD# = STR_CAT(&UC4RB_PAM_CMD#, " -alias '&UC4RB_PAM_ALIAS#'")

 $output=&UC4RB_PAM_CMD#
:INCLUDE PCK.ITPA_SHARED.PRV.INCLUDE.CHECK_POWERSHELL_CMD@WINDOWS
 $statusCode=$output | Select-String -Pattern "Status" | %{$_.line.split(':')[1]} | %{$_.Trim()}
! Condition for fail
switch($statusCode){
   405 {"No data found for specific alias"; exit 1}
   406 {"Application Error. See System log for details"; exit 1}
   410 {"Unauthorized execution path"; exit 1 }
   411 {"Unauthorized user ID" ; exit 1}
}

 $password=$output | Select-String -Pattern "Password"
 $password=$password.line.trimstart("Password:").trim()

! Encrypt Secret
: IF &UC4RB_PAM_ENCRYPT# <> 'NO'
:   INC PCK.AUTOMIC_CA_PAM.PUB.INCLUDE.ENCRYPT_SECRET
    $password=$UC4_ENCRYPTED_PWD
: ENDIF

WRITE-HOST UC4RB_PASSWORD::=$password
]]></MSCRI>
</SCRIPT>
<OUTPUTSCAN state="1">
<Inherit>N</Inherit>
<filterobjects/>
<HostFsc/>
<LoginFsc/>
</OUTPUTSCAN>
<POST_SCRIPT mode="1" replacementmode="1" state="1">
<OSCRI><![CDATA[:INC PCK.AUTOMIC_CA_PAM.PRV.INCLUDE.PUBLISH_CA_PAM_DATA]]></OSCRI>
</POST_SCRIPT>
<DOCU_Docu state="1" type="text">
<DOC/>
</DOCU_Docu>
</JOBS_WINDOWS>
<PRPT name="PCK.AUTOMIC_CA_PAM.PRV.PROMPTSET.GET_CREDENTIAL">
<HEADER state="1">
<Title>Get Credential</Title>
<ArchiveKey1/>
<ArchiveKey2/>
<OH_SubType/>
</HEADER>
<PROMPTDESIGNER state="1">
<DESIGNER/>
</PROMPTDESIGNER>
<PROMPTSETXUI state="1">
<XUIEDITOR><![CDATA[<dialog height="506" icon="PRPT" id="PRPTS" left="279" top="4" width="420"><readpanel fill="b" id="PRPTBOX" nl="1" scroll="v" text="Get Credentials"><properties><entry name="text">Get Credentials</entry><entry name="modifiable">0</entry></properties><text alt="1" enabled="1" fill="b" focus="0" id="UC4RB_PAM_PATHs.00" inputassistance="0" len="" multiline="0" multilineIcon="0" nl="1" regex="" separator=";" showaspassword="0" text="A2A Client Path" tooltip="Provide path to the A2A Client located in the CSPM folder.&#9;" upper="0" required="0"><oninputassistant><command request="_internal" target="_view" targetaction="setAttribute" targetparam="promptname|@id"/><command request="_internal" target="_view" targetaction="setAttribute" targetparam="promptvalue|@value"/><command owner="_promptsetcontainer" owneraction="getData" request="getpromptinputassistance" target="_chainwindow"/></oninputassistant><properties><entry listparam="C" name="reference" reftype="STATIC">UC_DATATYPE_STRING</entry><entry name="text">A2A Client Path</entry><entry name="multiselect">0</entry><entry name="separator">;</entry><entry name="len"/><entry name="quotes"/><entry name="id">UC4RB_PAM_PATHs.00</entry><entry name="inputassistance">0</entry><entry name="enabled">0</entry><entry name="upper">0</entry><entry name="focus">0</entry><entry name="showaspassword">0</entry><entry name="tooltip">Provide path to the A2A Client located in the CSPM folder.	</entry><entry name="customfield"/><entry name="xmlkey"/><entry name="xmlpath"/><entry name="modifiable">1</entry><entry name="multiline">0</entry><entry name="multilineIcon">0</entry><entry name="regex"/><entry name="required">1</entry><entry name="resetable">1</entry><entry name="initvalue"/><entry name="onchangereset"/></properties></text><text alt="1" enabled="1" fill="b" focus="0" id="UC4RB_PAM_ALIASs.00" inputassistance="0" len="" multiline="0" multilineIcon="0" nl="1" regex="" separator=";" showaspassword="0" text="Alias Name" tooltip="Provide Alias which is associated with credentials you would like to retrieve." upper="0" required="0"><oninputassistant><command request="_internal" target="_view" targetaction="setAttribute" targetparam="promptname|@id"/><command request="_internal" target="_view" targetaction="setAttribute" targetparam="promptvalue|@value"/><command owner="_promptsetcontainer" owneraction="getData" request="getpromptinputassistance" target="_chainwindow"/></oninputassistant><properties><entry listparam="C" name="reference" reftype="STATIC">UC_DATATYPE_STRING</entry><entry name="text">Alias Name</entry><entry name="multiselect">0</entry><entry name="separator">;</entry><entry name="len"/><entry name="quotes"/><entry name="id">UC4RB_PAM_ALIASs.00</entry><entry name="inputassistance">0</entry><entry name="enabled">0</entry><entry name="upper">0</entry><entry name="focus">0</entry><entry name="showaspassword">0</entry><entry name="tooltip">Provide Alias which is associated with credentials you would like to retrieve.</entry><entry name="customfield"/><entry name="xmlkey"/><entry name="xmlpath"/><entry name="modifiable">1</entry><entry name="multiline">0</entry><entry name="multilineIcon">0</entry><entry name="regex"/><entry name="required">1</entry><entry name="resetable">1</entry><entry name="initvalue"/><entry name="onchangereset"/></properties></text><dynradiogroup alt="1" enabled="1" fill="b" focus="0" id="UC4RB_PAM_ENCRYPTs.00" nl="1" quotes="" text="Encrypt " tooltip="Specify whether if retrieved credential should be kept as clear text or should be encrypted in CARA for its security.&#9;" required="0"><properties><entry listparam="C" name="reference" reftype="STATIC">PCK.ITPA_SHARED.PRV.VARA.YES_NO</entry><entry name="text">Encrypt </entry><entry name="quotes"/><entry name="id">UC4RB_PAM_ENCRYPTs.00</entry><entry name="enabled">0</entry><entry name="focus">0</entry><entry name="tooltip">Specify whether if retrieved credential should be kept as clear text or should be encrypted in CARA for its security.	</entry><entry name="customfield"/><entry name="modifiable">1</entry><entry name="xmlkey"/><entry name="xmlpath"/><entry name="initvalue"/></properties></dynradiogroup></readpanel></dialog>]]></XUIEDITOR>
</PROMPTSETXUI>
<PROMPTSETDATA state="1">
<DATAEDITOR><![CDATA[<PRPTS ontop="1"><PRPTBOX><UC4RB_PAM_PATHs.00 haslist="0" msgnr="-1" msginsert="" altview="0" promptname="UC4RB_PAM_PATH#" ReadFromTable="OPSE"></UC4RB_PAM_PATHs.00><UC4RB_PAM_ALIASs.00 haslist="0" msgnr="-1" msginsert="" altview="0" promptname="UC4RB_PAM_ALIAS#" ReadFromTable="OPSE"></UC4RB_PAM_ALIASs.00><UC4RB_PAM_ENCRYPTs.00 haslist="0" msgnr="-1" msginsert="" altview="0" promptname="UC4RB_PAM_ENCRYPT#" ReadFromTable="OPSE">YES</UC4RB_PAM_ENCRYPTs.00></PRPTBOX></PRPTS>]]></DATAEDITOR>
</PROMPTSETDATA>
<DOCU_Docu state="1" type="text">
<DOC/>
</DOCU_Docu>
</PRPT>
<JOBI name="PCK.AUTOMIC_CA_PAM.PUB.INCLUDE.ATTACH_RESOURCE">
<HEADER state="1">
<Title/>
<ArchiveKey1/>
<ArchiveKey2/>
<OH_SubType/>
</HEADER>
<SCRIPT mode="1" state="1">
<MSCRI><![CDATA[:ATTACH_RES "PCK.AUTOMIC_CA_PAM.PRV.STORE" ,"CAPAMTOOL", C, N

! Setting jar class path into variable
:SET &UC4RB_PAM_PATH_JAR#= STR_CAT(&$AGENT_RESOURCES_CLIENT#,"capam-tool.jar")]]></MSCRI>
</SCRIPT>
<DOCU_Docu state="1" type="text">
<DOC/>
</DOCU_Docu>
</JOBI>
<JOBI name="PCK.AUTOMIC_CA_PAM.PUB.INCLUDE.ENCRYPT_SECRET">
<HEADER state="1">
<Title/>
<ArchiveKey1/>
<ArchiveKey2/>
<OH_SubType/>
</HEADER>
<SCRIPT mode="1" state="1">
<MSCRI><![CDATA[:  SET &ENCRYPT_COMMAND# = 'java -jar "&$AGENT_RESOURCES_CLIENT#itpa-tool.jar" ARB -cmd cipher encrypt $password'

:  SET &UC_WIN_TYP = GET_SCRIPT_VAR("UC_WIN_TYP")
:  IF &UC4RB_AGENT_OS# = "WINDOWS"
:    IF &UC_WIN_TYP = "EXTCOMPROC"
         $UC4_ENCRYPTED_PWD=((&ENCRYPT_COMMAND# | findstr.exe /B Encrypted:).substring(11)).Trim()
:        INCLUDE PCK.ITPA_SHARED.PRV.INCLUDE.CHECK_POWERSHELL_CMD@WINDOWS
:    ELSE
         for /F "tokens=1 delims=" %%a IN ('&ENCRYPT_COMMAND# direct') DO (
         set UC4_ENCRYPTED_PWD=%%a
         )
:        INCLUDE PCK.ITPA_SHARED.PRV.INCLUDE.CHECK_CMDLINE_CMD@WINDOWS
:    ENDIF
:  ENDIF
:  IF &UC4RB_AGENT_OS# = "UNIX"
      UC4_ENCRYPTED_PWD=`&ENCRYPT_COMMAND# | grep "^Encrypted: " | sed 's/^Encrypted: //'`
:     INCLUDE PCK.ITPA_SHARED.PRV.INCLUDE.CHECK_SHELL_CMD@UNIX
:  ENDIF]]></MSCRI>
</SCRIPT>
<DOCU_Docu state="1" type="text">
<DOC/>
</DOCU_Docu>
</JOBI>
</uc-export>